{"walking": 32.52383041381836, "eating": 23.57250213623047, "smoking": 24.66554069519043, "discussion": 40.149574279785156, "directions": 33.376426696777344, "greeting": 50.46332550048828, "phoning": 30.02292251586914, "posing": 42.148048400878906, "purchases": 48.73427963256836, "sitting": 32.085628509521484, "sittingdown": 45.916507720947266, "takingphoto": 30.551471710205078, "waiting": 32.39582443237305, "walkingdog": 57.76007080078125, "walkingtogether": 32.58748245239258, "overall": 37.130228678385414}