{"walking": 49.44455337524414, "eating": 41.83818435668945, "smoking": 43.14225387573242, "discussion": 69.85612487792969, "directions": 59.09569549560547, "greeting": 84.01111602783203, "phoning": 53.56291580200195, "posing": 80.55091857910156, "purchases": 79.10108947753906, "sitting": 57.560302734375, "sittingdown": 75.87122344970703, "takingphoto": 54.70602798461914, "waiting": 58.89383316040039, "walkingdog": 90.11721801757812, "walkingtogether": 54.02536392211914, "overall": 63.45179036458333}