{"walking": 49.45244216918945, "eating": 33.489418029785156, "smoking": 33.57015609741211, "discussion": 56.53929138183594, "directions": 45.813106536865234, "greeting": 69.77899169921875, "phoning": 42.89346694946289, "posing": 63.20691680908203, "purchases": 61.7866325378418, "sitting": 43.90530776977539, "sittingdown": 60.65574645996094, "takingphoto": 43.33537673950195, "waiting": 46.07008743286133, "walkingdog": 74.24301147460938, "walkingtogether": 45.07887649536133, "overall": 51.32125651041667}