{"walking": 71.28340911865234, "eating": 55.43965148925781, "smoking": 53.349300384521484, "discussion": 87.200927734375, "directions": 72.62596893310547, "greeting": 104.60334014892578, "phoning": 71.11221313476562, "posing": 109.23152160644531, "purchases": 94.75199127197266, "sitting": 72.3193588256836, "sittingdown": 94.65977478027344, "takingphoto": 72.68231201171875, "waiting": 75.67151641845703, "walkingdog": 106.7010726928711, "walkingtogether": 65.9664077758789, "overall": 80.50658365885417}