{"walking": 37.72418212890625, "eating": 24.36100196838379, "smoking": 24.44403648376465, "discussion": 40.88942337036133, "directions": 32.9274787902832, "greeting": 51.99373245239258, "phoning": 30.967809677124023, "posing": 43.72356033325195, "purchases": 46.29818344116211, "sitting": 31.65081787109375, "sittingdown": 45.254608154296875, "takingphoto": 31.05030632019043, "waiting": 32.744930267333984, "walkingdog": 57.928077697753906, "walkingtogether": 33.60439682006836, "overall": 37.704166666666666}