{"walking": 8.50989055633545, "eating": 4.872655391693115, "smoking": 5.0529961585998535, "discussion": 7.302881240844727, "directions": 5.1460347175598145, "greeting": 9.907690048217773, "phoning": 6.158195495605469, "posing": 6.608633041381836, "purchases": 9.464198112487793, "sitting": 6.778229713439941, "sittingdown": 11.485626220703125, "takingphoto": 6.156188011169434, "waiting": 5.857656002044678, "walkingdog": 14.372127532958984, "walkingtogether": 6.815182685852051, "overall": 7.632545979817708}