{"walking": 66.35517883300781, "eating": 49.97256851196289, "smoking": 48.5780029296875, "discussion": 80.31067657470703, "directions": 66.29428100585938, "greeting": 96.70770263671875, "phoning": 64.00077819824219, "posing": 97.7913818359375, "purchases": 86.85255432128906, "sitting": 65.31890869140625, "sittingdown": 86.43167877197266, "takingphoto": 65.35163879394531, "waiting": 68.58406829833984, "walkingdog": 98.71549987792969, "walkingtogether": 61.00626754760742, "overall": 73.4847412109375}