{"walking": 30.913841247558594, "eating": 19.558818817138672, "smoking": 19.573135375976562, "discussion": 32.31839370727539, "directions": 25.721220016479492, "greeting": 41.96388244628906, "phoning": 24.678369522094727, "posing": 33.66851043701172, "purchases": 37.60964584350586, "sitting": 25.249160766601562, "sittingdown": 37.10920715332031, "takingphoto": 24.730119705200195, "waiting": 25.691701889038086, "walkingdog": 48.66143035888672, "walkingtogether": 27.158266067504883, "overall": 30.307049560546876}