{"walking": 16.001941680908203, "eating": 9.631694793701172, "smoking": 9.741726875305176, "discussion": 14.972990989685059, "directions": 11.254663467407227, "greeting": 20.332275390625, "phoning": 11.98095703125, "posing": 14.489208221435547, "purchases": 18.672740936279297, "sitting": 12.492481231689453, "sittingdown": 20.030242919921875, "takingphoto": 11.89689826965332, "waiting": 11.825310707092285, "walkingdog": 26.741920471191406, "walkingtogether": 13.484254837036133, "overall": 14.903287760416667}