{"walking": 58.78142547607422, "eating": 42.023746490478516, "smoking": 41.59088897705078, "discussion": 69.56707763671875, "directions": 56.670433044433594, "greeting": 84.48635864257812, "phoning": 53.836978912353516, "posing": 81.29994201660156, "purchases": 75.13921356201172, "sitting": 55.12419509887695, "sittingdown": 74.41751861572266, "takingphoto": 54.8404426574707, "waiting": 58.04928970336914, "walkingdog": 87.33595275878906, "walkingtogether": 53.91411590576172, "overall": 63.138509114583336}